,total,original_compiled,refactored_compiled,both_compiled,outputs_match,original_pct,refactored_pct,both_pct,match_pct
openai,76.0,41.0,33.0,33.0,13.0,53.94736842105263,43.42105263157895,43.42105263157895,39.39393939393939
claude,76.0,41.0,32.0,32.0,14.0,53.94736842105263,42.10526315789473,42.10526315789473,43.75
groq,73.0,40.0,27.0,23.0,7.0,54.794520547945204,36.986301369863014,31.506849315068493,30.434782608695656
deepseek,76.0,41.0,0.0,0.0,0.0,53.9,0.0,0.0,0.0
