,total,original_compiled,refactored_compiled,both_compiled,outputs_match,original_pct,refactored_success_pct,match_pct,refactored_pct_old
GPT-5.2,76.0,41.0,33.0,33.0,13.0,53.94736842105263,80.48780487804879,39.39393939393939,43.42105263157895
Claude 4.5 Sonnet,76.0,41.0,32.0,32.0,14.0,53.94736842105263,78.04878048780488,43.75,42.10526315789473
LLama-4 Maverick 17B,73.0,40.0,27.0,23.0,7.0,54.794520547945204,57.49999999999999,30.434782608695656,36.986301369863014
Deepseek-chat,76.0,41.0,36.0,31.0,11.0,53.94736842105263,75.60975609756098,35.483870967741936,47.368421052631575
